timestamp,race,reportingPercent,lastName,candidateID,candidateVotes,totalVotes
1730790712171,2024-S2G-NE,0,Love,love,0,0
1730790712171,2024-S2G-NE,0,Ricketts,ricketts,0,0
1730790712171,2024-SG-AZ,0,Gallego,gallego,0,0
1730790712171,2024-SG-AZ,0,Lake,lake,0,0
1730790712171,2024-SG-CA,0,Garvey,garvey,0,0
1730790712171,2024-SG-CA,0,Schiff,schiff,0,0
1730790712171,2024-SG-CT,0,Corey,corey,0,0
1730790712171,2024-SG-CT,0,Murphy,murphy,0,0
1730790712171,2024-SG-DE,0,Blunt Rochester,blunt-rochester,0,0
1730790712171,2024-SG-DE,0,Hansen,hansen,0,0
1730790712171,2024-SG-FL,0,Mucarsel-Powell,mucarsel-powell,0,0
1730790712171,2024-SG-FL,0,Scott,scott,0,0
1730790712171,2024-SG-HI,0,Hirono,hirono,0,0
1730790712171,2024-SG-HI,0,McDermott,mcdermott,0,0
1730790712171,2024-SG-IN,0,Banks,banks,0,0
1730790712171,2024-SG-IN,0,Horning,horning,0,0
1730790712171,2024-SG-IN,0,McCray,mccray,0,0
1730790712171,2024-SG-MA,0,Deaton,deaton,0,0
1730790712171,2024-SG-MA,0,Warren,warren,0,0
1730790712171,2024-SG-MD,0,Alsobrooks,alsobrooks,0,0
1730790712171,2024-SG-MD,0,Hogan,hogan,0,0
1730790712171,2024-SG-ME,0,Cherry,cherry,0,0
1730790712171,2024-SG-ME,0,Costello,costello,0,0
1730790712171,2024-SG-ME,0,King,king,0,0
1730790712171,2024-SG-ME,0,Kouzounas,kouzounas,0,0
1730790712171,2024-SG-MI,0,Rogers,rogers,0,0
1730790712171,2024-SG-MI,0,Slotkin,slotkin,0,0
1730790712171,2024-SG-MN,0,Klobuchar,klobuchar,0,0
1730790712171,2024-SG-MN,0,White,white,0,0
1730790712171,2024-SG-MO,0,Hawley,hawley,0,0
1730790712171,2024-SG-MO,0,Kunce,kunce,0,0
1730790712171,2024-SG-MS,0,Pinkins,pinkins,0,0
1730790712171,2024-SG-MS,0,Wicker,wicker,0,0
1730790712171,2024-SG-MT,0,Sheehy,sheehy,0,0
1730790712171,2024-SG-MT,0,Tester,tester,0,0
1730790712171,2024-SG-ND,0,Christiansen,christiansen,0,0
1730790712171,2024-SG-ND,0,Cramer,cramer,0,0
1730790712171,2024-SG-NE,0,Fischer,fischer,0,0
1730790712171,2024-SG-NE,0,Osborn,osborn,0,0
1730790712171,2024-SG-NJ,0,Bashaw,bashaw,0,0
1730790712171,2024-SG-NJ,0,Kim,kim,0,0
1730790712171,2024-SG-NM,0,Domenici,domenici,0,0
1730790712171,2024-SG-NM,0,Heinrich,heinrich,0,0
1730790712171,2024-SG-NV,0,Brown,brown,0,0
1730790712171,2024-SG-NV,0,None of these candidates,none-of-these-candidates,0,0
1730790712171,2024-SG-NV,0,Rosen,rosen,0,0
1730790712171,2024-SG-NY,0,Gillibrand,gillibrand,0,0
1730790712171,2024-SG-NY,0,Sapraicone,sapraicone,0,0
1730790712171,2024-SG-OH,0,Brown,brown,0,0
1730790712171,2024-SG-OH,0,Moreno,moreno,0,0
1730790712171,2024-SG-PA,0,Casey,casey,0,0
1730790712171,2024-SG-PA,0,McCormick,mccormick,0,0
1730790712171,2024-SG-RI,0,Morgan,morgan,0,0
1730790712171,2024-SG-RI,0,Whitehouse,whitehouse,0,0
1730790712171,2024-SG-TN,0,Blackburn,blackburn,0,0
1730790712171,2024-SG-TN,0,Johnson,johnson,0,0
1730790712171,2024-SG-TX,0,Allred,allred,0,0
1730790712171,2024-SG-TX,0,Cruz,cruz,0,0
1730790712171,2024-SG-UT,0,Bowen,bowen,0,0
1730790712171,2024-SG-UT,0,Curtis,curtis,0,0
1730790712171,2024-SG-UT,0,Gleich,gleich,0,0
1730790712171,2024-SG-VA,0,Cao,cao,0,0
1730790712171,2024-SG-VA,0,Kaine,kaine,0,0
1730790712171,2024-SG-VT,0,Malloy,malloy,0,0
1730790712171,2024-SG-VT,0,Sanders,sanders,0,0
1730790712171,2024-SG-WA,0,Cantwell,cantwell,0,0
1730790712171,2024-SG-WA,0,Garcia,garcia,0,0
1730790712171,2024-SG-WI,0,Baldwin,baldwin,0,0
1730790712171,2024-SG-WI,0,Hovde,hovde,0,0
1730790712171,2024-SG-WV,0,Elliott,elliott,0,0
1730790712171,2024-SG-WV,0,Justice,justice,0,0
1730790712171,2024-SG-WY,0,Barrasso,barrasso,0,0
1730790712171,2024-SG-WY,0,Morrow,morrow,0,0
1730790712171,2024-SP-CA,0,Garvey,garvey,0,0
1730790712171,2024-SP-CA,0,Schiff,schiff,0,0
1730850307293,2024-S2G-NE,0,Love,love,0,0
1730850307293,2024-S2G-NE,0,Ricketts,ricketts,0,0
1730850307293,2024-SG-AZ,0,Gallego,gallego,0,0
1730850307293,2024-SG-AZ,0,Lake,lake,0,0
1730850307293,2024-SG-CA,0,Garvey,garvey,0,0
1730850307293,2024-SG-CA,0,Schiff,schiff,0,0
1730850307293,2024-SG-CT,0,Corey,corey,0,0
1730850307293,2024-SG-CT,0,Murphy,murphy,0,0
1730850307293,2024-SG-DE,0,Blunt Rochester,blunt-rochester,0,0
1730850307293,2024-SG-DE,0,Hansen,hansen,0,0
1730850307293,2024-SG-FL,0,Mucarsel-Powell,mucarsel-powell,0,0
1730850307293,2024-SG-FL,0,Scott,scott,0,0
1730850307293,2024-SG-HI,0,Hirono,hirono,0,0
1730850307293,2024-SG-HI,0,McDermott,mcdermott,0,0
1730850307293,2024-SG-IN,10,Banks,banks,173499,291546
1730850307293,2024-SG-IN,10,Horning,horning,5258,291546
1730850307293,2024-SG-IN,10,McCray,mccray,112711,291546
1730850307293,2024-SG-MA,0,Deaton,deaton,0,0
1730850307293,2024-SG-MA,0,Warren,warren,0,0
1730850307293,2024-SG-MD,0,Alsobrooks,alsobrooks,0,0
1730850307293,2024-SG-MD,0,Hogan,hogan,0,0
1730850307293,2024-SG-ME,0,Cherry,cherry,0,0
1730850307293,2024-SG-ME,0,Costello,costello,0,0
1730850307293,2024-SG-ME,0,King,king,0,0
1730850307293,2024-SG-ME,0,Kouzounas,kouzounas,0,0
1730850307293,2024-SG-MI,0,Rogers,rogers,0,0
1730850307293,2024-SG-MI,0,Slotkin,slotkin,0,0
1730850307293,2024-SG-MN,0,Klobuchar,klobuchar,0,0
1730850307293,2024-SG-MN,0,White,white,0,0
1730850307293,2024-SG-MO,0,Hawley,hawley,0,0
1730850307293,2024-SG-MO,0,Kunce,kunce,0,0
1730850307293,2024-SG-MS,0,Pinkins,pinkins,0,0
1730850307293,2024-SG-MS,0,Wicker,wicker,0,0
1730850307293,2024-SG-MT,0,Sheehy,sheehy,0,0
1730850307293,2024-SG-MT,0,Tester,tester,0,0
1730850307293,2024-SG-ND,0,Christiansen,christiansen,0,0
1730850307293,2024-SG-ND,0,Cramer,cramer,0,0
1730850307293,2024-SG-NE,0,Fischer,fischer,0,0
1730850307293,2024-SG-NE,0,Osborn,osborn,0,0
1730850307293,2024-SG-NJ,0,Bashaw,bashaw,0,0
1730850307293,2024-SG-NJ,0,Kim,kim,0,0
1730850307293,2024-SG-NM,0,Domenici,domenici,0,0
1730850307293,2024-SG-NM,0,Heinrich,heinrich,0,0
1730850307293,2024-SG-NV,0,Brown,brown,0,0
1730850307293,2024-SG-NV,0,None of these candidates,none-of-these-candidates,0,0
1730850307293,2024-SG-NV,0,Rosen,rosen,0,0
1730850307293,2024-SG-NY,0,Gillibrand,gillibrand,0,0
1730850307293,2024-SG-NY,0,Sapraicone,sapraicone,0,0
1730850307293,2024-SG-OH,0,Brown,brown,0,0
1730850307293,2024-SG-OH,0,Moreno,moreno,0,0
1730850307293,2024-SG-PA,0,Casey,casey,0,0
1730850307293,2024-SG-PA,0,McCormick,mccormick,0,0
1730850307293,2024-SG-RI,0,Morgan,morgan,0,0
1730850307293,2024-SG-RI,0,Whitehouse,whitehouse,0,0
1730850307293,2024-SG-TN,0,Blackburn,blackburn,0,0
1730850307293,2024-SG-TN,0,Johnson,johnson,0,0
1730850307293,2024-SG-TX,0,Allred,allred,0,0
1730850307293,2024-SG-TX,0,Cruz,cruz,0,0
1730850307293,2024-SG-UT,0,Bowen,bowen,0,0
1730850307293,2024-SG-UT,0,Curtis,curtis,0,0
1730850307293,2024-SG-UT,0,Gleich,gleich,0,0
1730850307293,2024-SG-VA,0,Cao,cao,0,0
1730850307293,2024-SG-VA,0,Kaine,kaine,0,0
1730850307293,2024-SG-VT,0,Malloy,malloy,0,0
1730850307293,2024-SG-VT,0,Sanders,sanders,0,0
1730850307293,2024-SG-WA,0,Cantwell,cantwell,0,0
1730850307293,2024-SG-WA,0,Garcia,garcia,0,0
1730850307293,2024-SG-WI,0,Baldwin,baldwin,0,0
1730850307293,2024-SG-WI,0,Hovde,hovde,0,0
1730850307293,2024-SG-WV,0,Elliott,elliott,0,0
1730850307293,2024-SG-WV,0,Justice,justice,0,0
1730850307293,2024-SG-WY,0,Barrasso,barrasso,0,0
1730850307293,2024-SG-WY,0,Morrow,morrow,0,0
1730850307293,2024-SP-CA,0,Garvey,garvey,0,0
1730850307293,2024-SP-CA,0,Schiff,schiff,0,0
1730852102345,2024-S2G-NE,0,Love,love,0,0
1730852102345,2024-S2G-NE,0,Ricketts,ricketts,0,0
1730852102345,2024-SG-AZ,0,Gallego,gallego,0,0
1730852102345,2024-SG-AZ,0,Lake,lake,0,0
1730852102345,2024-SG-CA,0,Garvey,garvey,0,0
1730852102345,2024-SG-CA,0,Schiff,schiff,0,0
1730852102345,2024-SG-CT,0,Corey,corey,0,0
1730852102345,2024-SG-CT,0,Murphy,murphy,0,0
1730852102345,2024-SG-DE,0,Blunt Rochester,blunt-rochester,0,0
1730852102345,2024-SG-DE,0,Hansen,hansen,0,0
1730852102345,2024-SG-FL,28,Mucarsel-Powell,mucarsel-powell,1560948,3366401
1730852102345,2024-SG-FL,28,Scott,scott,1756201,3366401
1730852102345,2024-SG-HI,0,Hirono,hirono,0,0
1730852102345,2024-SG-HI,0,McDermott,mcdermott,0,0
1730852102345,2024-SG-IN,13,Banks,banks,258030,409526
1730852102345,2024-SG-IN,13,Horning,horning,8208,409526
1730852102345,2024-SG-IN,13,McCray,mccray,143179,409526
1730852102345,2024-SG-MA,0,Deaton,deaton,0,0
1730852102345,2024-SG-MA,0,Warren,warren,0,0
1730852102345,2024-SG-MD,0,Alsobrooks,alsobrooks,0,0
1730852102345,2024-SG-MD,0,Hogan,hogan,0,0
1730852102345,2024-SG-ME,0,Cherry,cherry,0,0
1730852102345,2024-SG-ME,0,Costello,costello,0,0
1730852102345,2024-SG-ME,0,King,king,0,0
1730852102345,2024-SG-ME,0,Kouzounas,kouzounas,0,0
1730852102345,2024-SG-MI,0,Rogers,rogers,0,0
1730852102345,2024-SG-MI,0,Slotkin,slotkin,0,0
1730852102345,2024-SG-MN,0,Klobuchar,klobuchar,0,0
1730852102345,2024-SG-MN,0,White,white,0,0
1730852102345,2024-SG-MO,0,Hawley,hawley,0,0
1730852102345,2024-SG-MO,0,Kunce,kunce,0,0
1730852102345,2024-SG-MS,0,Pinkins,pinkins,0,0
1730852102345,2024-SG-MS,0,Wicker,wicker,0,0
1730852102345,2024-SG-MT,0,Sheehy,sheehy,0,0
1730852102345,2024-SG-MT,0,Tester,tester,0,0
1730852102345,2024-SG-ND,0,Christiansen,christiansen,0,0
1730852102345,2024-SG-ND,0,Cramer,cramer,0,0
1730852102345,2024-SG-NE,0,Fischer,fischer,0,0
1730852102345,2024-SG-NE,0,Osborn,osborn,0,0
1730852102345,2024-SG-NJ,0,Bashaw,bashaw,0,0
1730852102345,2024-SG-NJ,0,Kim,kim,0,0
1730852102345,2024-SG-NM,0,Domenici,domenici,0,0
1730852102345,2024-SG-NM,0,Heinrich,heinrich,0,0
1730852102345,2024-SG-NV,0,Brown,brown,0,0
1730852102345,2024-SG-NV,0,None of these candidates,none-of-these-candidates,0,0
1730852102345,2024-SG-NV,0,Rosen,rosen,0,0
1730852102345,2024-SG-NY,0,Gillibrand,gillibrand,0,0
1730852102345,2024-SG-NY,0,Sapraicone,sapraicone,0,0
1730852102345,2024-SG-OH,0,Brown,brown,0,0
1730852102345,2024-SG-OH,0,Moreno,moreno,0,0
1730852102345,2024-SG-PA,0,Casey,casey,0,0
1730852102345,2024-SG-PA,0,McCormick,mccormick,0,0
1730852102345,2024-SG-RI,0,Morgan,morgan,0,0
1730852102345,2024-SG-RI,0,Whitehouse,whitehouse,0,0
1730852102345,2024-SG-TN,0,Blackburn,blackburn,0,0
1730852102345,2024-SG-TN,0,Johnson,johnson,0,0
1730852102345,2024-SG-TX,0,Allred,allred,0,0
1730852102345,2024-SG-TX,0,Cruz,cruz,0,0
1730852102345,2024-SG-UT,0,Bowen,bowen,0,0
1730852102345,2024-SG-UT,0,Curtis,curtis,0,0
1730852102345,2024-SG-UT,0,Gleich,gleich,0,0
1730852102345,2024-SG-VA,0,Cao,cao,4738,8143
1730852102345,2024-SG-VA,0,Kaine,kaine,3405,8143
1730852102345,2024-SG-VT,0,Malloy,malloy,0,0
1730852102345,2024-SG-VT,0,Sanders,sanders,0,0
1730852102345,2024-SG-WA,0,Cantwell,cantwell,0,0
1730852102345,2024-SG-WA,0,Garcia,garcia,0,0
1730852102345,2024-SG-WI,0,Baldwin,baldwin,0,0
1730852102345,2024-SG-WI,0,Hovde,hovde,0,0
1730852102345,2024-SG-WV,0,Elliott,elliott,0,0
1730852102345,2024-SG-WV,0,Justice,justice,0,0
1730852102345,2024-SG-WY,0,Barrasso,barrasso,0,0
1730852102345,2024-SG-WY,0,Morrow,morrow,0,0
1730852102345,2024-SP-CA,0,Garvey,garvey,0,0
1730852102345,2024-SP-CA,0,Schiff,schiff,0,0
1730853906509,2024-S2G-NE,0,Love,love,0,0
1730853906509,2024-S2G-NE,0,Ricketts,ricketts,0,0
1730853906509,2024-SG-AZ,0,Gallego,gallego,0,0
1730853906509,2024-SG-AZ,0,Lake,lake,0,0
1730853906509,2024-SG-CA,0,Garvey,garvey,0,0
1730853906509,2024-SG-CA,0,Schiff,schiff,0,0
1730853906509,2024-SG-CT,0,Corey,corey,0,0
1730853906509,2024-SG-CT,0,Murphy,murphy,0,0
1730853906509,2024-SG-DE,0,Blunt Rochester,blunt-rochester,0,0
1730853906509,2024-SG-DE,0,Hansen,hansen,0,0
1730853906509,2024-SG-FL,63,Mucarsel-Powell,mucarsel-powell,3333956,7523453
1730853906509,2024-SG-FL,63,Scott,scott,4079424,7523453
1730853906509,2024-SG-HI,0,Hirono,hirono,0,0
1730853906509,2024-SG-HI,0,McDermott,mcdermott,0,0
1730853906509,2024-SG-IN,19,Banks,banks,374167,581318
1730853906509,2024-SG-IN,19,Horning,horning,12959,581318
1730853906509,2024-SG-IN,19,McCray,mccray,194044,581318
1730853906509,2024-SG-MA,0,Deaton,deaton,0,0
1730853906509,2024-SG-MA,0,Warren,warren,0,0
1730853906509,2024-SG-MD,0,Alsobrooks,alsobrooks,0,0
1730853906509,2024-SG-MD,0,Hogan,hogan,0,0
1730853906509,2024-SG-ME,0,Cherry,cherry,0,0
1730853906509,2024-SG-ME,0,Costello,costello,0,0
1730853906509,2024-SG-ME,0,King,king,0,0
1730853906509,2024-SG-ME,0,Kouzounas,kouzounas,0,0
1730853906509,2024-SG-MI,0,Rogers,rogers,0,0
1730853906509,2024-SG-MI,0,Slotkin,slotkin,0,0
1730853906509,2024-SG-MN,0,Klobuchar,klobuchar,0,0
1730853906509,2024-SG-MN,0,White,white,0,0
1730853906509,2024-SG-MO,0,Hawley,hawley,0,0
1730853906509,2024-SG-MO,0,Kunce,kunce,0,0
1730853906509,2024-SG-MS,0,Pinkins,pinkins,0,0
1730853906509,2024-SG-MS,0,Wicker,wicker,0,0
1730853906509,2024-SG-MT,0,Sheehy,sheehy,0,0
1730853906509,2024-SG-MT,0,Tester,tester,0,0
1730853906509,2024-SG-ND,0,Christiansen,christiansen,0,0
1730853906509,2024-SG-ND,0,Cramer,cramer,0,0
1730853906509,2024-SG-NE,0,Fischer,fischer,0,0
1730853906509,2024-SG-NE,0,Osborn,osborn,0,0
1730853906509,2024-SG-NJ,0,Bashaw,bashaw,0,0
1730853906509,2024-SG-NJ,0,Kim,kim,0,0
1730853906509,2024-SG-NM,0,Domenici,domenici,0,0
1730853906509,2024-SG-NM,0,Heinrich,heinrich,0,0
1730853906509,2024-SG-NV,0,Brown,brown,0,0
1730853906509,2024-SG-NV,0,None of these candidates,none-of-these-candidates,0,0
1730853906509,2024-SG-NV,0,Rosen,rosen,0,0
1730853906509,2024-SG-NY,0,Gillibrand,gillibrand,0,0
1730853906509,2024-SG-NY,0,Sapraicone,sapraicone,0,0
1730853906509,2024-SG-OH,4,Brown,brown,97811,220879
1730853906509,2024-SG-OH,4,Moreno,moreno,117695,220879
1730853906509,2024-SG-PA,0,Casey,casey,0,0
1730853906509,2024-SG-PA,0,McCormick,mccormick,0,0
1730853906509,2024-SG-RI,0,Morgan,morgan,0,0
1730853906509,2024-SG-RI,0,Whitehouse,whitehouse,0,0
1730853906509,2024-SG-TN,0,Blackburn,blackburn,0,0
1730853906509,2024-SG-TN,0,Johnson,johnson,0,0
1730853906509,2024-SG-TX,0,Allred,allred,0,0
1730853906509,2024-SG-TX,0,Cruz,cruz,0,0
1730853906509,2024-SG-UT,0,Bowen,bowen,0,0
1730853906509,2024-SG-UT,0,Curtis,curtis,0,0
1730853906509,2024-SG-UT,0,Gleich,gleich,0,0
1730853906509,2024-SG-VA,15,Cao,cao,264903,662272
1730853906509,2024-SG-VA,15,Kaine,kaine,397369,662272
1730853906509,2024-SG-VT,6,Malloy,malloy,7222,20856
1730853906509,2024-SG-VT,6,Sanders,sanders,12730,20856
1730853906509,2024-SG-WA,0,Cantwell,cantwell,0,0
1730853906509,2024-SG-WA,0,Garcia,garcia,0,0
1730853906509,2024-SG-WI,0,Baldwin,baldwin,0,0
1730853906509,2024-SG-WI,0,Hovde,hovde,0,0
1730853906509,2024-SG-WV,4,Elliott,elliott,12596,28752
1730853906509,2024-SG-WV,4,Justice,justice,15132,28752
1730853906509,2024-SG-WY,0,Barrasso,barrasso,0,0
1730853906509,2024-SG-WY,0,Morrow,morrow,0,0
1730853906509,2024-SP-CA,0,Garvey,garvey,0,0
1730853906509,2024-SP-CA,0,Schiff,schiff,0,0
1730855708209,2024-S2G-NE,0,Love,love,0,0
1730855708209,2024-S2G-NE,0,Ricketts,ricketts,0,0
1730855708209,2024-SG-AZ,0,Gallego,gallego,0,0
1730855708209,2024-SG-AZ,0,Lake,lake,0,0
1730855708209,2024-SG-CA,0,Garvey,garvey,0,0
1730855708209,2024-SG-CA,0,Schiff,schiff,0,0
1730855708209,2024-SG-CT,0,Corey,corey,0,0
1730855708209,2024-SG-CT,0,Murphy,murphy,0,0
1730855708209,2024-SG-DE,0,Blunt Rochester,blunt-rochester,0,0
1730855708209,2024-SG-DE,0,Hansen,hansen,0,0
1730855708209,2024-SG-FL,79,Mucarsel-Powell,mucarsel-powell,4135560,9508275
1730855708209,2024-SG-FL,79,Scott,scott,5205925,9508275
1730855708209,2024-SG-HI,0,Hirono,hirono,0,0
1730855708209,2024-SG-HI,0,McDermott,mcdermott,0,0
1730855708209,2024-SG-IN,30,Banks,banks,586138,926696
1730855708209,2024-SG-IN,30,Horning,horning,21607,926696
1730855708209,2024-SG-IN,30,McCray,mccray,318752,926696
1730855708209,2024-SG-MA,0,Deaton,deaton,642,3503
1730855708209,2024-SG-MA,0,Warren,warren,2857,3503
1730855708209,2024-SG-MD,0,Alsobrooks,alsobrooks,0,0
1730855708209,2024-SG-MD,0,Hogan,hogan,0,0
1730855708209,2024-SG-ME,0,Cherry,cherry,45,205
1730855708209,2024-SG-ME,0,Costello,costello,55,205
1730855708209,2024-SG-ME,0,King,king,40,205
1730855708209,2024-SG-ME,0,Kouzounas,kouzounas,65,205
1730855708209,2024-SG-MI,2,Rogers,rogers,34399,133919
1730855708209,2024-SG-MI,2,Slotkin,slotkin,97162,133919
1730855708209,2024-SG-MN,0,Klobuchar,klobuchar,0,0
1730855708209,2024-SG-MN,0,White,white,0,0
1730855708209,2024-SG-MO,0,Hawley,hawley,0,0
1730855708209,2024-SG-MO,0,Kunce,kunce,0,0
1730855708209,2024-SG-MS,0,Pinkins,pinkins,0,0
1730855708209,2024-SG-MS,0,Wicker,wicker,0,0
1730855708209,2024-SG-MT,0,Sheehy,sheehy,0,0
1730855708209,2024-SG-MT,0,Tester,tester,0,0
1730855708209,2024-SG-ND,0,Christiansen,christiansen,0,0
1730855708209,2024-SG-ND,0,Cramer,cramer,0,0
1730855708209,2024-SG-NE,0,Fischer,fischer,0,0
1730855708209,2024-SG-NE,0,Osborn,osborn,0,0
1730855708209,2024-SG-NJ,3,Bashaw,bashaw,32403,121246
1730855708209,2024-SG-NJ,3,Kim,kim,85770,121246
1730855708209,2024-SG-NM,0,Domenici,domenici,0,0
1730855708209,2024-SG-NM,0,Heinrich,heinrich,0,0
1730855708209,2024-SG-NV,0,Brown,brown,0,0
1730855708209,2024-SG-NV,0,None of these candidates,none-of-these-candidates,0,0
1730855708209,2024-SG-NV,0,Rosen,rosen,0,0
1730855708209,2024-SG-NY,0,Gillibrand,gillibrand,0,0
1730855708209,2024-SG-NY,0,Sapraicone,sapraicone,0,0
1730855708209,2024-SG-OH,36,Brown,brown,1128311,2137145
1730855708209,2024-SG-OH,36,Moreno,moreno,958000,2137145
1730855708209,2024-SG-PA,5,Casey,casey,257983,338259
1730855708209,2024-SG-PA,5,McCormick,mccormick,72978,338259
1730855708209,2024-SG-RI,1,Morgan,morgan,1143,3151
1730855708209,2024-SG-RI,1,Whitehouse,whitehouse,2008,3151
1730855708209,2024-SG-TN,10,Blackburn,blackburn,248615,320571
1730855708209,2024-SG-TN,10,Johnson,johnson,67107,320571
1730855708209,2024-SG-TX,14,Allred,allred,860522,1656084
1730855708209,2024-SG-TX,14,Cruz,cruz,763759,1656084
1730855708209,2024-SG-UT,0,Bowen,bowen,0,0
1730855708209,2024-SG-UT,0,Curtis,curtis,0,0
1730855708209,2024-SG-UT,0,Gleich,gleich,0,0
1730855708209,2024-SG-VA,29,Cao,cao,599511,1315989
1730855708209,2024-SG-VA,29,Kaine,kaine,716478,1315989
1730855708209,2024-SG-VT,17,Malloy,malloy,21760,62252
1730855708209,2024-SG-VT,17,Sanders,sanders,37570,62252
1730855708209,2024-SG-WA,0,Cantwell,cantwell,0,0
1730855708209,2024-SG-WA,0,Garcia,garcia,0,0
1730855708209,2024-SG-WI,0,Baldwin,baldwin,0,0
1730855708209,2024-SG-WI,0,Hovde,hovde,0,0
1730855708209,2024-SG-WV,12,Elliott,elliott,32314,93149
1730855708209,2024-SG-WV,12,Justice,justice,58066,93149
1730855708209,2024-SG-WY,0,Barrasso,barrasso,0,0
1730855708209,2024-SG-WY,0,Morrow,morrow,0,0
1730855708209,2024-SP-CA,0,Garvey,garvey,0,0
1730855708209,2024-SP-CA,0,Schiff,schiff,0,0
1730857510941,2024-S2G-NE,0,Love,love,0,0
1730857510941,2024-S2G-NE,0,Ricketts,ricketts,0,0
1730857510941,2024-SG-AZ,0,Gallego,gallego,0,0
1730857510941,2024-SG-AZ,0,Lake,lake,0,0
1730857510941,2024-SG-CA,0,Garvey,garvey,0,0
1730857510941,2024-SG-CA,0,Schiff,schiff,0,0
1730857510941,2024-SG-CT,2,Corey,corey,11378,30119
1730857510941,2024-SG-CT,2,Murphy,murphy,18315,30119
1730857510941,2024-SG-DE,47,Blunt Rochester,blunt-rochester,132063,235112
1730857510941,2024-SG-DE,47,Hansen,hansen,94844,235112
1730857510941,2024-SG-FL,86,Mucarsel-Powell,mucarsel-powell,4394101,10261703
1730857510941,2024-SG-FL,86,Scott,scott,5714768,10261703
1730857510941,2024-SG-HI,0,Hirono,hirono,0,0
1730857510941,2024-SG-HI,0,McDermott,mcdermott,0,0
1730857510941,2024-SG-IN,48,Banks,banks,858864,1457180
1730857510941,2024-SG-IN,48,Horning,horning,36751,1457180
1730857510941,2024-SG-IN,48,McCray,mccray,561321,1457180
1730857510941,2024-SG-MA,3,Deaton,deaton,34547,106925
1730857510941,2024-SG-MA,3,Warren,warren,72060,106925
1730857510941,2024-SG-MD,0,Alsobrooks,alsobrooks,0,0
1730857510941,2024-SG-MD,0,Hogan,hogan,0,0
1730857510941,2024-SG-ME,1,Cherry,cherry,253,6701
1730857510941,2024-SG-ME,1,Costello,costello,886,6701
1730857510941,2024-SG-ME,1,King,king,3078,6701
1730857510941,2024-SG-ME,1,Kouzounas,kouzounas,2484,6701
1730857510941,2024-SG-MI,7,Rogers,rogers,166327,416177
1730857510941,2024-SG-MI,7,Slotkin,slotkin,238385,416177
1730857510941,2024-SG-MN,0,Klobuchar,klobuchar,0,0
1730857510941,2024-SG-MN,0,White,white,0,0
1730857510941,2024-SG-MO,2,Hawley,hawley,38280,70560
1730857510941,2024-SG-MO,2,Kunce,kunce,31035,70560
1730857510941,2024-SG-MS,4,Pinkins,pinkins,20113,47406
1730857510941,2024-SG-MS,4,Wicker,wicker,27166,47406
1730857510941,2024-SG-MT,0,Sheehy,sheehy,0,0
1730857510941,2024-SG-MT,0,Tester,tester,0,0
1730857510941,2024-SG-ND,0,Christiansen,christiansen,0,0
1730857510941,2024-SG-ND,0,Cramer,cramer,0,0
1730857510941,2024-SG-NE,0,Fischer,fischer,0,0
1730857510941,2024-SG-NE,0,Osborn,osborn,0,0
1730857510941,2024-SG-NJ,26,Bashaw,bashaw,481108,1149458
1730857510941,2024-SG-NJ,26,Kim,kim,649518,1149458
1730857510941,2024-SG-NM,0,Domenici,domenici,0,0
1730857510941,2024-SG-NM,0,Heinrich,heinrich,0,0
1730857510941,2024-SG-NV,0,Brown,brown,0,0
1730857510941,2024-SG-NV,0,None of these candidates,none-of-these-candidates,0,0
1730857510941,2024-SG-NV,0,Rosen,rosen,0,0
1730857510941,2024-SG-NY,0,Gillibrand,gillibrand,0,0
1730857510941,2024-SG-NY,0,Sapraicone,sapraicone,0,0
1730857510941,2024-SG-OH,43,Brown,brown,1289401,2595238
1730857510941,2024-SG-OH,43,Moreno,moreno,1240190,2595238
1730857510941,2024-SG-PA,11,Casey,casey,553032,801805
1730857510941,2024-SG-PA,11,McCormick,mccormick,232308,801805
1730857510941,2024-SG-RI,53,Morgan,morgan,118992,273748
1730857510941,2024-SG-RI,53,Whitehouse,whitehouse,154756,273748
1730857510941,2024-SG-TN,33,Blackburn,blackburn,757254,1036933
1730857510941,2024-SG-TN,33,Johnson,johnson,263360,1036933
1730857510941,2024-SG-TX,55,Allred,allred,3145297,6540631
1730857510941,2024-SG-TX,55,Cruz,cruz,3267719,6540631
1730857510941,2024-SG-UT,0,Bowen,bowen,0,0
1730857510941,2024-SG-UT,0,Curtis,curtis,0,0
1730857510941,2024-SG-UT,0,Gleich,gleich,0,0
1730857510941,2024-SG-VA,43,Cao,cao,938538,1939626
1730857510941,2024-SG-VA,43,Kaine,kaine,1001088,1939626
1730857510941,2024-SG-VT,32,Malloy,malloy,41536,118732
1730857510941,2024-SG-VT,32,Sanders,sanders,71605,118732
1730857510941,2024-SG-WA,0,Cantwell,cantwell,0,0
1730857510941,2024-SG-WA,0,Garcia,garcia,0,0
1730857510941,2024-SG-WI,0,Baldwin,baldwin,0,0
1730857510941,2024-SG-WI,0,Hovde,hovde,0,0
1730857510941,2024-SG-WV,39,Elliott,elliott,86183,295143
1730857510941,2024-SG-WV,39,Justice,justice,198417,295143
1730857510941,2024-SG-WY,0,Barrasso,barrasso,0,0
1730857510941,2024-SG-WY,0,Morrow,morrow,0,0
1730857510941,2024-SP-CA,0,Garvey,garvey,0,0
1730857510941,2024-SP-CA,0,Schiff,schiff,0,0
1730859319518,2024-S2G-NE,27,Love,love,135466,261606
1730859319518,2024-S2G-NE,27,Ricketts,ricketts,126140,261606
1730859319518,2024-SG-AZ,0,Gallego,gallego,0,0
1730859319518,2024-SG-AZ,0,Lake,lake,0,0
1730859319518,2024-SG-CA,0,Garvey,garvey,0,0
1730859319518,2024-SG-CA,0,Schiff,schiff,0,0
1730859319518,2024-SG-CT,3,Corey,corey,19528,51981
1730859319518,2024-SG-CT,3,Murphy,murphy,31762,51981
1730859319518,2024-SG-DE,62,Blunt Rochester,blunt-rochester,176724,312125
1730859319518,2024-SG-DE,62,Hansen,hansen,123912,312125
1730859319518,2024-SG-FL,87,Mucarsel-Powell,mucarsel-powell,4473715,10480098
1730859319518,2024-SG-FL,87,Scott,scott,5837235,10480098
1730859319518,2024-SG-HI,0,Hirono,hirono,0,0
1730859319518,2024-SG-HI,0,McDermott,mcdermott,0,0
1730859319518,2024-SG-IN,56,Banks,banks,1009994,1701314
1730859319518,2024-SG-IN,56,Horning,horning,42778,1701314
1730859319518,2024-SG-IN,56,McCray,mccray,648149,1701314
1730859319518,2024-SG-MA,8,Deaton,deaton,104198,285977
1730859319518,2024-SG-MA,8,Warren,warren,181011,285977
1730859319518,2024-SG-MD,0,Alsobrooks,alsobrooks,0,0
1730859319518,2024-SG-MD,0,Hogan,hogan,0,0
1730859319518,2024-SG-ME,3,Cherry,cherry,609,22139
1730859319518,2024-SG-ME,3,Costello,costello,2592,22139
1730859319518,2024-SG-ME,3,King,king,10956,22139
1730859319518,2024-SG-ME,3,Kouzounas,kouzounas,7982,22139
1730859319518,2024-SG-MI,9,Rogers,rogers,214810,517486
1730859319518,2024-SG-MI,9,Slotkin,slotkin,288376,517486
1730859319518,2024-SG-MN,0,Klobuchar,klobuchar,296,832
1730859319518,2024-SG-MN,0,White,white,536,832
1730859319518,2024-SG-MO,16,Hawley,hawley,189049,473516
1730859319518,2024-SG-MO,16,Kunce,kunce,275268,473516
1730859319518,2024-SG-MS,11,Pinkins,pinkins,52178,131542
1730859319518,2024-SG-MS,11,Wicker,wicker,78987,131542
1730859319518,2024-SG-MT,0,Sheehy,sheehy,0,0
1730859319518,2024-SG-MT,0,Tester,tester,0,0
1730859319518,2024-SG-ND,4,Christiansen,christiansen,4297,15697
1730859319518,2024-SG-ND,4,Cramer,cramer,11400,15697
1730859319518,2024-SG-NE,27,Fischer,fischer,112788,260987
1730859319518,2024-SG-NE,27,Osborn,osborn,148199,260987
1730859319518,2024-SG-NJ,39,Bashaw,bashaw,741195,1733052
1730859319518,2024-SG-NJ,39,Kim,kim,960627,1733052
1730859319518,2024-SG-NM,8,Domenici,domenici,36418,68360
1730859319518,2024-SG-NM,8,Heinrich,heinrich,31942,68360
1730859319518,2024-SG-NV,0,Brown,brown,0,0
1730859319518,2024-SG-NV,0,None of these candidates,none-of-these-candidates,0,0
1730859319518,2024-SG-NV,0,Rosen,rosen,0,0
1730859319518,2024-SG-NY,19,Gillibrand,gillibrand,1109483,1549765
1730859319518,2024-SG-NY,19,Sapraicone,sapraicone,433022,1549765
1730859319518,2024-SG-OH,53,Brown,brown,1503276,3184072
1730859319518,2024-SG-OH,53,Moreno,moreno,1589867,3184072
1730859319518,2024-SG-PA,20,Casey,casey,827239,1407604
1730859319518,2024-SG-PA,20,McCormick,mccormick,548413,1407604
1730859319518,2024-SG-RI,66,Morgan,morgan,148594,345308
1730859319518,2024-SG-RI,66,Whitehouse,whitehouse,196714,345308
1730859319518,2024-SG-TN,57,Blackburn,blackburn,1195633,1766256
1730859319518,2024-SG-TN,57,Johnson,johnson,540641,1766256
1730859319518,2024-SG-TX,61,Allred,allred,3434425,7357361
1730859319518,2024-SG-TX,61,Cruz,cruz,3777976,7357361
1730859319518,2024-SG-UT,0,Bowen,bowen,0,0
1730859319518,2024-SG-UT,0,Curtis,curtis,0,0
1730859319518,2024-SG-UT,0,Gleich,gleich,0,0
1730859319518,2024-SG-VA,53,Cao,cao,1164450,2377581
1730859319518,2024-SG-VA,53,Kaine,kaine,1213131,2377581
1730859319518,2024-SG-VT,49,Malloy,malloy,63150,181946
1730859319518,2024-SG-VT,49,Sanders,sanders,110088,181946
1730859319518,2024-SG-WA,0,Cantwell,cantwell,0,0
1730859319518,2024-SG-WA,0,Garcia,garcia,0,0
1730859319518,2024-SG-WI,0,Baldwin,baldwin,484,1240
1730859319518,2024-SG-WI,0,Hovde,hovde,756,1240
1730859319518,2024-SG-WV,52,Elliott,elliott,106389,392084
1730859319518,2024-SG-WV,52,Justice,justice,271232,392084
1730859319518,2024-SG-WY,0,Barrasso,barrasso,0,0
1730859319518,2024-SG-WY,0,Morrow,morrow,0,0
1730859319518,2024-SP-CA,0,Garvey,garvey,0,0
1730859319518,2024-SP-CA,0,Schiff,schiff,0,0
1730861125000,2024-S2G-NE,30,Love,love,142498,289570
1730861125000,2024-S2G-NE,30,Ricketts,ricketts,147072,289570
1730861125000,2024-SG-AZ,0,Gallego,gallego,0,0
1730861125000,2024-SG-AZ,0,Lake,lake,0,0
1730861125000,2024-SG-CA,0,Garvey,garvey,0,0
1730861125000,2024-SG-CA,0,Schiff,schiff,0,0
1730861125000,2024-SG-CT,6,Corey,corey,43825,111283
1730861125000,2024-SG-CT,6,Murphy,murphy,64928,111283
1730861125000,2024-SG-DE,83,Blunt Rochester,blunt-rochester,235925,415567
1730861125000,2024-SG-DE,83,Hansen,hansen,163846,415567
1730861125000,2024-SG-FL,88,Mucarsel-Powell,mucarsel-powell,4512605,10580657
1730861125000,2024-SG-FL,88,Scott,scott,5894959,10580657
1730861125000,2024-SG-HI,0,Hirono,hirono,0,0
1730861125000,2024-SG-HI,0,McDermott,mcdermott,0,0
1730861125000,2024-SG-IN,67,Banks,banks,1210950,2046353
1730861125000,2024-SG-IN,67,Horning,horning,53368,2046353
1730861125000,2024-SG-IN,67,McCray,mccray,781545,2046353
1730861125000,2024-SG-MA,16,Deaton,deaton,223073,551791
1730861125000,2024-SG-MA,16,Warren,warren,327454,551791
1730861125000,2024-SG-MD,57,Alsobrooks,alsobrooks,937571,1742998
1730861125000,2024-SG-MD,57,Hogan,hogan,766406,1742998
1730861125000,2024-SG-ME,5,Cherry,cherry,1196,44308
1730861125000,2024-SG-ME,5,Costello,costello,5051,44308
1730861125000,2024-SG-ME,5,King,king,22173,44308
1730861125000,2024-SG-ME,5,Kouzounas,kouzounas,15888,44308
1730861125000,2024-SG-MI,14,Rogers,rogers,345478,782725
1730861125000,2024-SG-MI,14,Slotkin,slotkin,416518,782725
1730861125000,2024-SG-MN,0,Klobuchar,klobuchar,8966,16197
1730861125000,2024-SG-MN,0,White,white,7161,16197
1730861125000,2024-SG-MO,22,Hawley,hawley,312058,663486
1730861125000,2024-SG-MO,22,Kunce,kunce,337822,663486
1730861125000,2024-SG-MS,21,Pinkins,pinkins,103212,264139
1730861125000,2024-SG-MS,21,Wicker,wicker,160124,264139
1730861125000,2024-SG-MT,0,Sheehy,sheehy,0,0
1730861125000,2024-SG-MT,0,Tester,tester,0,0
1730861125000,2024-SG-ND,11,Christiansen,christiansen,12302,38887
1730861125000,2024-SG-ND,11,Cramer,cramer,26585,38887
1730861125000,2024-SG-NE,30,Fischer,fischer,131203,288969
1730861125000,2024-SG-NE,30,Osborn,osborn,157766,288969
1730861125000,2024-SG-NJ,53,Bashaw,bashaw,1028036,2367017
1730861125000,2024-SG-NJ,53,Kim,kim,1292788,2367017
1730861125000,2024-SG-NM,20,Domenici,domenici,86993,175799
1730861125000,2024-SG-NM,20,Heinrich,heinrich,88806,175799
1730861125000,2024-SG-NV,0,Brown,brown,0,0
1730861125000,2024-SG-NV,0,None of these candidates,none-of-these-candidates,0,0
1730861125000,2024-SG-NV,0,Rosen,rosen,0,0
1730861125000,2024-SG-NY,42,Gillibrand,gillibrand,2298243,3461487
1730861125000,2024-SG-NY,42,Sapraicone,sapraicone,1146181,3461487
1730861125000,2024-SG-OH,64,Brown,brown,1763005,3830089
1730861125000,2024-SG-OH,64,Moreno,moreno,1949557,3830089
1730861125000,2024-SG-PA,32,Casey,casey,1165991,2254554
1730861125000,2024-SG-PA,32,McCormick,mccormick,1034104,2254554
1730861125000,2024-SG-RI,78,Morgan,morgan,171450,405315
1730861125000,2024-SG-RI,78,Whitehouse,whitehouse,233865,405315
1730861125000,2024-SG-TN,71,Blackburn,blackburn,1487918,2201550
1730861125000,2024-SG-TN,71,Johnson,johnson,673862,2201550
1730861125000,2024-SG-TX,66,Allred,allred,3607971,7944052
1730861125000,2024-SG-TX,66,Cruz,cruz,4179625,7944052
1730861125000,2024-SG-UT,0,Bowen,bowen,0,0
1730861125000,2024-SG-UT,0,Curtis,curtis,0,0
1730861125000,2024-SG-UT,0,Gleich,gleich,0,0
1730861125000,2024-SG-VA,61,Cao,cao,1331692,2734214
1730861125000,2024-SG-VA,61,Kaine,kaine,1402522,2734214
1730861125000,2024-SG-VT,59,Malloy,malloy,75067,217512
1730861125000,2024-SG-VT,59,Sanders,sanders,131927,217512
1730861125000,2024-SG-WA,0,Cantwell,cantwell,0,0
1730861125000,2024-SG-WA,0,Garcia,garcia,0,0
1730861125000,2024-SG-WI,20,Baldwin,baldwin,366206,668361
1730861125000,2024-SG-WI,20,Hovde,hovde,288918,668361
1730861125000,2024-SG-WV,65,Elliott,elliott,139102,495120
1730861125000,2024-SG-WV,65,Justice,justice,337940,495120
1730861125000,2024-SG-WY,2,Barrasso,barrasso,4965,6126
1730861125000,2024-SG-WY,2,Morrow,morrow,1161,6126
1730861125000,2024-SP-CA,0,Garvey,garvey,0,0
1730861125000,2024-SP-CA,0,Schiff,schiff,0,0
1730862930035,2024-S2G-NE,40,Love,love,180851,384250
1730862930035,2024-S2G-NE,40,Ricketts,ricketts,203399,384250
1730862930035,2024-SG-AZ,49,Gallego,gallego,920504,1736958
1730862930035,2024-SG-AZ,49,Lake,lake,786719,1736958
1730862930035,2024-SG-CA,0,Garvey,garvey,0,0
1730862930035,2024-SG-CA,0,Schiff,schiff,0,0
1730862930035,2024-SG-CT,10,Corey,corey,71418,175217
1730862930035,2024-SG-CT,10,Murphy,murphy,100403,175217
1730862930035,2024-SG-DE,95,Blunt Rochester,blunt-rochester,269814,477011
1730862930035,2024-SG-DE,95,Hansen,hansen,188679,477011
1730862930035,2024-SG-FL,89,Mucarsel-Powell,mucarsel-powell,4531561,10628965
1730862930035,2024-SG-FL,89,Scott,scott,5922537,10628965
1730862930035,2024-SG-HI,0,Hirono,hirono,0,0
1730862930035,2024-SG-HI,0,McDermott,mcdermott,0,0
1730862930035,2024-SG-IN,72,Banks,banks,1301685,2194377
1730862930035,2024-SG-IN,72,Horning,horning,57029,2194377
1730862930035,2024-SG-IN,72,McCray,mccray,834911,2194377
1730862930035,2024-SG-MA,23,Deaton,deaton,343429,815843
1730862930035,2024-SG-MA,23,Warren,warren,470641,815843
1730862930035,2024-SG-MD,65,Alsobrooks,alsobrooks,1055737,1987292
1730862930035,2024-SG-MD,65,Hogan,hogan,884330,1987292
1730862930035,2024-SG-ME,9,Cherry,cherry,2182,77254
1730862930035,2024-SG-ME,9,Costello,costello,8828,77254
1730862930035,2024-SG-ME,9,King,king,40265,77254
1730862930035,2024-SG-ME,9,Kouzounas,kouzounas,25979,77254
1730862930035,2024-SG-MI,17,Rogers,rogers,445100,989460
1730862930035,2024-SG-MI,17,Slotkin,slotkin,517017,989460
1730862930035,2024-SG-MN,2,Klobuchar,klobuchar,36749,76217
1730862930035,2024-SG-MN,2,White,white,37655,76217
1730862930035,2024-SG-MO,40,Hawley,hawley,611547,1181599
1730862930035,2024-SG-MO,40,Kunce,kunce,541804,1181599
1730862930035,2024-SG-MS,34,Pinkins,pinkins,155599,430639
1730862930035,2024-SG-MS,34,Wicker,wicker,273690,430639
1730862930035,2024-SG-MT,0,Sheehy,sheehy,0,0
1730862930035,2024-SG-MT,0,Tester,tester,0,0
1730862930035,2024-SG-ND,29,Christiansen,christiansen,34914,105902
1730862930035,2024-SG-ND,29,Cramer,cramer,70988,105902
1730862930035,2024-SG-NE,40,Fischer,fischer,180111,383357
1730862930035,2024-SG-NE,40,Osborn,osborn,203246,383357
1730862930035,2024-SG-NJ,65,Bashaw,bashaw,1297824,2912815
1730862930035,2024-SG-NJ,65,Kim,kim,1551800,2912815
1730862930035,2024-SG-NM,30,Domenici,domenici,127078,270908
1730862930035,2024-SG-NM,30,Heinrich,heinrich,143830,270908
1730862930035,2024-SG-NV,0,Brown,brown,0,0
1730862930035,2024-SG-NV,0,None of these candidates,none-of-these-candidates,0,0
1730862930035,2024-SG-NV,0,Rosen,rosen,0,0
1730862930035,2024-SG-NY,56,Gillibrand,gillibrand,2930701,4624230
1730862930035,2024-SG-NY,56,Sapraicone,sapraicone,1670899,4624230
1730862930035,2024-SG-OH,75,Brown,brown,2038421,4470495
1730862930035,2024-SG-OH,75,Moreno,moreno,2286475,4470495
1730862930035,2024-SG-PA,50,Casey,casey,1714261,3513950
1730862930035,2024-SG-PA,50,McCormick,mccormick,1711426,3513950
1730862930035,2024-SG-RI,82,Morgan,morgan,179734,424779
1730862930035,2024-SG-RI,82,Whitehouse,whitehouse,245045,424779
1730862930035,2024-SG-TN,84,Blackburn,blackburn,1749456,2680133
1730862930035,2024-SG-TN,84,Johnson,johnson,880075,2680133
1730862930035,2024-SG-TX,71,Allred,allred,3764810,8467461
1730862930035,2024-SG-TX,71,Cruz,cruz,4533890,8467461
1730862930035,2024-SG-UT,0,Bowen,bowen,0,0
1730862930035,2024-SG-UT,0,Curtis,curtis,0,0
1730862930035,2024-SG-UT,0,Gleich,gleich,0,0
1730862930035,2024-SG-VA,67,Cao,cao,1460907,3020476
1730862930035,2024-SG-VA,67,Kaine,kaine,1559569,3020476
1730862930035,2024-SG-VT,74,Malloy,malloy,88478,273516
1730862930035,2024-SG-VT,74,Sanders,sanders,171977,273516
1730862930035,2024-SG-WA,0,Cantwell,cantwell,0,0
1730862930035,2024-SG-WA,0,Garcia,garcia,0,0
1730862930035,2024-SG-WI,40,Baldwin,baldwin,670567,1307852
1730862930035,2024-SG-WI,40,Hovde,hovde,610832,1307852
1730862930035,2024-SG-WV,74,Elliott,elliott,157372,559603
1730862930035,2024-SG-WV,74,Justice,justice,382023,559603
1730862930035,2024-SG-WY,6,Barrasso,barrasso,13202,16295
1730862930035,2024-SG-WY,6,Morrow,morrow,3067,16295
1730862930035,2024-SP-CA,0,Garvey,garvey,0,0
1730862930035,2024-SP-CA,0,Schiff,schiff,0,0
1730864732839,2024-S2G-NE,47,Love,love,202906,453567
1730864732839,2024-S2G-NE,47,Ricketts,ricketts,250661,453567
1730864732839,2024-SG-AZ,51,Gallego,gallego,948198,1805688
1730864732839,2024-SG-AZ,51,Lake,lake,825435,1805688
1730864732839,2024-SG-CA,0,Garvey,garvey,0,0
1730864732839,2024-SG-CA,0,Schiff,schiff,0,0
1730864732839,2024-SG-CT,13,Corey,corey,100799,237521
1730864732839,2024-SG-CT,13,Murphy,murphy,132424,237521
1730864732839,2024-SG-DE,99,Blunt Rochester,blunt-rochester,279124,494636
1730864732839,2024-SG-DE,99,Hansen,hansen,196252,494636
1730864732839,2024-SG-FL,89,Mucarsel-Powell,mucarsel-powell,4535818,10643791
1730864732839,2024-SG-FL,89,Scott,scott,5928465,10643791
1730864732839,2024-SG-HI,0,Hirono,hirono,0,0
1730864732839,2024-SG-HI,0,McDermott,mcdermott,0,0
1730864732839,2024-SG-IN,79,Banks,banks,1405536,2408794
1730864732839,2024-SG-IN,79,Horning,horning,72652,2408794
1730864732839,2024-SG-IN,79,McCray,mccray,930082,2408794
1730864732839,2024-SG-MA,29,Deaton,deaton,426283,1035036
1730864732839,2024-SG-MA,29,Warren,warren,606517,1035036
1730864732839,2024-SG-MD,74,Alsobrooks,alsobrooks,1166201,2260843
1730864732839,2024-SG-MD,74,Hogan,hogan,1038313,2260843
1730864732839,2024-SG-ME,13,Cherry,cherry,3530,110024
1730864732839,2024-SG-ME,13,Costello,costello,12789,110024
1730864732839,2024-SG-ME,13,King,king,54950,110024
1730864732839,2024-SG-ME,13,Kouzounas,kouzounas,38755,110024
1730864732839,2024-SG-MI,24,Rogers,rogers,646097,1341654
1730864732839,2024-SG-MI,24,Slotkin,slotkin,657976,1341654
1730864732839,2024-SG-MN,6,Klobuchar,klobuchar,83690,187981
1730864732839,2024-SG-MN,6,White,white,98777,187981
1730864732839,2024-SG-MO,58,Hawley,hawley,935152,1736481
1730864732839,2024-SG-MO,58,Kunce,kunce,757833,1736481
1730864732839,2024-SG-MS,41,Pinkins,pinkins,182590,507227
1730864732839,2024-SG-MS,41,Wicker,wicker,322914,507227
1730864732839,2024-SG-MT,5,Sheehy,sheehy,15582,27612
1730864732839,2024-SG-MT,5,Tester,tester,11574,27612
1730864732839,2024-SG-ND,49,Christiansen,christiansen,57269,176061
1730864732839,2024-SG-ND,49,Cramer,cramer,118792,176061
1730864732839,2024-SG-NE,47,Fischer,fischer,220614,453028
1730864732839,2024-SG-NE,47,Osborn,osborn,232414,453028
1730864732839,2024-SG-NJ,70,Bashaw,bashaw,1398166,3141965
1730864732839,2024-SG-NJ,70,Kim,kim,1671846,3141965
1730864732839,2024-SG-NM,64,Domenici,domenici,257047,576160
1730864732839,2024-SG-NM,64,Heinrich,heinrich,319113,576160
1730864732839,2024-SG-NV,0,Brown,brown,0,0
1730864732839,2024-SG-NV,0,None of these candidates,none-of-these-candidates,0,0
1730864732839,2024-SG-NV,0,Rosen,rosen,0,0
1730864732839,2024-SG-NY,74,Gillibrand,gillibrand,3712586,6162334
1730864732839,2024-SG-NY,74,Sapraicone,sapraicone,2420764,6162334
1730864732839,2024-SG-OH,84,Brown,brown,2298767,5026990
1730864732839,2024-SG-OH,84,Moreno,moreno,2560426,5026990
1730864732839,2024-SG-PA,60,Casey,casey,2027135,4209851
1730864732839,2024-SG-PA,60,McCormick,mccormick,2076414,4209851
1730864732839,2024-SG-RI,82,Morgan,morgan,179951,425148
1730864732839,2024-SG-RI,82,Whitehouse,whitehouse,245197,425148
1730864732839,2024-SG-TN,88,Blackburn,blackburn,1822052,2819112
1730864732839,2024-SG-TN,88,Johnson,johnson,941919,2819112
1730864732839,2024-SG-TX,75,Allred,allred,4007311,9051662
1730864732839,2024-SG-TX,75,Cruz,cruz,4861556,9051662
1730864732839,2024-SG-UT,0,Bowen,bowen,0,0
1730864732839,2024-SG-UT,0,Curtis,curtis,0,0
1730864732839,2024-SG-UT,0,Gleich,gleich,0,0
1730864732839,2024-SG-VA,74,Cao,cao,1591520,3347896
1730864732839,2024-SG-VA,74,Kaine,kaine,1756376,3347896
1730864732839,2024-SG-VT,85,Malloy,malloy,101228,315531
1730864732839,2024-SG-VT,85,Sanders,sanders,199496,315531
1730864732839,2024-SG-WA,0,Cantwell,cantwell,0,0
1730864732839,2024-SG-WA,0,Garcia,garcia,0,0
1730864732839,2024-SG-WI,52,Baldwin,baldwin,861200,1724081
1730864732839,2024-SG-WI,52,Hovde,hovde,827931,1724081
1730864732839,2024-SG-WV,79,Elliott,elliott,167330,604129
1730864732839,2024-SG-WV,79,Justice,justice,415027,604129
1730864732839,2024-SG-WY,11,Barrasso,barrasso,25082,31420
1730864732839,2024-SG-WY,11,Morrow,morrow,6191,31420
1730864732839,2024-SP-CA,0,Garvey,garvey,0,0
1730864732839,2024-SP-CA,0,Schiff,schiff,0,0
1730866534306,2024-S2G-NE,51,Love,love,211875,491336
1730866534306,2024-S2G-NE,51,Ricketts,ricketts,279461,491336
1730866534306,2024-SG-AZ,51,Gallego,gallego,948728,1808461
1730866534306,2024-SG-AZ,51,Lake,lake,827573,1808461
1730866534306,2024-SG-CA,8,Garvey,garvey,579891,1423902
1730866534306,2024-SG-CA,8,Schiff,schiff,844011,1423902
1730866534306,2024-SG-CT,20,Corey,corey,152765,356475
1730866534306,2024-SG-CT,20,Murphy,murphy,197614,356475
1730866534306,2024-SG-DE,99,Blunt Rochester,blunt-rochester,279124,494636
1730866534306,2024-SG-DE,99,Hansen,hansen,196252,494636
1730866534306,2024-SG-FL,96,Mucarsel-Powell,mucarsel-powell,4551080,10674192
1730866534306,2024-SG-FL,96,Scott,scott,5939557,10674192
1730866534306,2024-SG-HI,0,Hirono,hirono,0,0
1730866534306,2024-SG-HI,0,McDermott,mcdermott,0,0
1730866534306,2024-SG-IN,82,Banks,banks,1461336,2499406
1730866534306,2024-SG-IN,82,Horning,horning,75394,2499406
1730866534306,2024-SG-IN,82,McCray,mccray,961867,2499406
1730866534306,2024-SG-MA,38,Deaton,deaton,525812,1332212
1730866534306,2024-SG-MA,38,Warren,warren,803732,1332212
1730866534306,2024-SG-MD,76,Alsobrooks,alsobrooks,1192563,2323670
1730866534306,2024-SG-MD,76,Hogan,hogan,1072430,2323670
1730866534306,2024-SG-ME,17,Cherry,cherry,4335,142067
1730866534306,2024-SG-ME,17,Costello,costello,15795,142067
1730866534306,2024-SG-ME,17,King,king,71530,142067
1730866534306,2024-SG-ME,17,Kouzounas,kouzounas,50407,142067
1730866534306,2024-SG-MI,30,Rogers,rogers,849364,1707657
1730866534306,2024-SG-MI,30,Slotkin,slotkin,810139,1707657
1730866534306,2024-SG-MN,14,Klobuchar,klobuchar,204206,453453
1730866534306,2024-SG-MN,14,White,white,235308,453453
1730866534306,2024-SG-MO,73,Hawley,hawley,1201290,2160682
1730866534306,2024-SG-MO,73,Kunce,kunce,903916,2160682
1730866534306,2024-SG-MS,48,Pinkins,pinkins,223665,595254
1730866534306,2024-SG-MS,48,Wicker,wicker,369647,595254
1730866534306,2024-SG-MT,6,Sheehy,sheehy,20493,36631
1730866534306,2024-SG-MT,6,Tester,tester,15521,36631
1730866534306,2024-SG-ND,58,Christiansen,christiansen,64084,207145
1730866534306,2024-SG-ND,58,Cramer,cramer,143061,207145
1730866534306,2024-SG-NE,51,Fischer,fischer,245695,491146
1730866534306,2024-SG-NE,51,Osborn,osborn,245451,491146
1730866534306,2024-SG-NJ,77,Bashaw,bashaw,1548399,3454519
1730866534306,2024-SG-NJ,77,Kim,kim,1824040,3454519
1730866534306,2024-SG-NM,70,Domenici,domenici,287314,632225
1730866534306,2024-SG-NM,70,Heinrich,heinrich,344911,632225
1730866534306,2024-SG-NV,0,Brown,brown,0,0
1730866534306,2024-SG-NV,0,None of these candidates,none-of-these-candidates,0,0
1730866534306,2024-SG-NV,0,Rosen,rosen,0,0
1730866534306,2024-SG-NY,84,Gillibrand,gillibrand,4083408,6936077
1730866534306,2024-SG-NY,84,Sapraicone,sapraicone,2819952,6936077
1730866534306,2024-SG-OH,88,Brown,brown,2413820,5252465
1730866534306,2024-SG-OH,88,Moreno,moreno,2661011,5252465
1730866534306,2024-SG-PA,75,Casey,casey,2507649,5226845
1730866534306,2024-SG-PA,75,McCormick,mccormick,2586645,5226845
1730866534306,2024-SG-RI,82,Morgan,morgan,179951,425148
1730866534306,2024-SG-RI,82,Whitehouse,whitehouse,245197,425148
1730866534306,2024-SG-TN,90,Blackburn,blackburn,1853879,2881796
1730866534306,2024-SG-TN,90,Johnson,johnson,970742,2881796
1730866534306,2024-SG-TX,78,Allred,allred,4110528,9342679
1730866534306,2024-SG-TX,78,Cruz,cruz,5037739,9342679
1730866534306,2024-SG-UT,0,Bowen,bowen,0,0
1730866534306,2024-SG-UT,0,Curtis,curtis,0,0
1730866534306,2024-SG-UT,0,Gleich,gleich,0,0
1730866534306,2024-SG-VA,79,Cao,cao,1676496,3541035
1730866534306,2024-SG-VA,79,Kaine,kaine,1864539,3541035
1730866534306,2024-SG-VT,91,Malloy,malloy,107357,337968
1730866534306,2024-SG-VT,91,Sanders,sanders,214548,337968
1730866534306,2024-SG-WA,23,Cantwell,cantwell,504689,954082
1730866534306,2024-SG-WA,23,Garcia,garcia,449393,954082
1730866534306,2024-SG-WI,61,Baldwin,baldwin,985478,2022284
1730866534306,2024-SG-WI,61,Hovde,hovde,995355,2022284
1730866534306,2024-SG-WV,88,Elliott,elliott,186335,670430
1730866534306,2024-SG-WV,88,Justice,justice,459978,670430
1730866534306,2024-SG-WY,19,Barrasso,barrasso,42159,52272
1730866534306,2024-SG-WY,19,Morrow,morrow,9831,52272
1730866534306,2024-SP-CA,8,Garvey,garvey,570690,1397148
1730866534306,2024-SP-CA,8,Schiff,schiff,826458,1397148
1730868337112,2024-S2G-NE,59,Love,love,242531,563031
1730868337112,2024-S2G-NE,59,Ricketts,ricketts,320500,563031
1730868337112,2024-SG-AZ,51,Gallego,gallego,949995,1815332
1730868337112,2024-SG-AZ,51,Lake,lake,833004,1815332
1730868337112,2024-SG-CA,41,Garvey,garvey,2671801,6900378
1730868337112,2024-SG-CA,41,Schiff,schiff,4228577,6900378
1730868337112,2024-SG-CT,31,Corey,corey,234073,545244
1730868337112,2024-SG-CT,31,Murphy,murphy,301960,545244
1730868337112,2024-SG-DE,96,Blunt Rochester,blunt-rochester,279124,494636
1730868337112,2024-SG-DE,96,Hansen,hansen,196252,494636
1730868337112,2024-SG-FL,96,Mucarsel-Powell,mucarsel-powell,4554209,10683493
1730868337112,2024-SG-FL,96,Scott,scott,5945807,10683493
1730868337112,2024-SG-HI,0,Hirono,hirono,0,0
1730868337112,2024-SG-HI,0,McDermott,mcdermott,0,0
1730868337112,2024-SG-IN,83,Banks,banks,1471305,2520264
1730868337112,2024-SG-IN,83,Horning,horning,75934,2520264
1730868337112,2024-SG-IN,83,McCray,mccray,972286,2520264
1730868337112,2024-SG-MA,43,Deaton,deaton,600331,1528852
1730868337112,2024-SG-MA,43,Warren,warren,925580,1528852
1730868337112,2024-SG-MD,79,Alsobrooks,alsobrooks,1249933,2410182
1730868337112,2024-SG-MD,79,Hogan,hogan,1099434,2410182
1730868337112,2024-SG-ME,22,Cherry,cherry,5147,177269
1730868337112,2024-SG-ME,22,Costello,costello,19290,177269
1730868337112,2024-SG-ME,22,King,king,89357,177269
1730868337112,2024-SG-ME,22,Kouzounas,kouzounas,63475,177269
1730868337112,2024-SG-MI,39,Rogers,rogers,1103529,2222040
1730868337112,2024-SG-MI,39,Slotkin,slotkin,1055347,2222040
1730868337112,2024-SG-MN,51,Klobuchar,klobuchar,983803,1681383
1730868337112,2024-SG-MN,51,White,white,644630,1681383
1730868337112,2024-SG-MO,85,Hawley,hawley,1354608,2517701
1730868337112,2024-SG-MO,85,Kunce,kunce,1097744,2517701
1730868337112,2024-SG-MS,49,Pinkins,pinkins,227744,613101
1730868337112,2024-SG-MS,49,Wicker,wicker,383358,613101
1730868337112,2024-SG-MT,13,Sheehy,sheehy,45648,79883
1730868337112,2024-SG-MT,13,Tester,tester,32902,79883
1730868337112,2024-SG-ND,86,Christiansen,christiansen,99554,308858
1730868337112,2024-SG-ND,86,Cramer,cramer,209304,308858
1730868337112,2024-SG-NE,58,Fischer,fischer,279536,552884
1730868337112,2024-SG-NE,58,Osborn,osborn,273348,552884
1730868337112,2024-SG-NJ,78,Bashaw,bashaw,1588591,3530436
1730868337112,2024-SG-NJ,78,Kim,kim,1856817,3530436
1730868337112,2024-SG-NM,80,Domenici,domenici,326775,715562
1730868337112,2024-SG-NM,80,Heinrich,heinrich,388787,715562
1730868337112,2024-SG-NV,0,Brown,brown,0,0
1730868337112,2024-SG-NV,0,None of these candidates,none-of-these-candidates,0,0
1730868337112,2024-SG-NV,0,Rosen,rosen,0,0
1730868337112,2024-SG-NY,86,Gillibrand,gillibrand,4170851,7129748
1730868337112,2024-SG-NY,86,Sapraicone,sapraicone,2925165,7129748
1730868337112,2024-SG-OH,90,Brown,brown,2511029,5429261
1730868337112,2024-SG-OH,90,Moreno,moreno,2733778,5429261
1730868337112,2024-SG-PA,81,Casey,casey,2692900,5649158
1730868337112,2024-SG-PA,81,McCormick,mccormick,2812077,5649158
1730868337112,2024-SG-RI,82,Morgan,morgan,179951,425148
1730868337112,2024-SG-RI,82,Whitehouse,whitehouse,245197,425148
1730868337112,2024-SG-TN,92,Blackburn,blackburn,1878605,2932031
1730868337112,2024-SG-TN,92,Johnson,johnson,994431,2932031
1730868337112,2024-SG-TX,81,Allred,allred,4246549,9694033
1730868337112,2024-SG-TX,81,Cruz,cruz,5241713,9694033
1730868337112,2024-SG-UT,0,Bowen,bowen,0,0
1730868337112,2024-SG-UT,0,Curtis,curtis,0,0
1730868337112,2024-SG-UT,0,Gleich,gleich,0,0
1730868337112,2024-SG-VA,84,Cao,cao,1754501,3788938
1730868337112,2024-SG-VA,84,Kaine,kaine,2034437,3788938
1730868337112,2024-SG-VT,94,Malloy,malloy,110577,347533
1730868337112,2024-SG-VT,94,Sanders,sanders,220431,347533
1730868337112,2024-SG-WA,62,Cantwell,cantwell,1520937,2531590
1730868337112,2024-SG-WA,62,Garcia,garcia,1010653,2531590
1730868337112,2024-SG-WI,70,Baldwin,baldwin,1108636,2295820
1730868337112,2024-SG-WI,70,Hovde,hovde,1139458,2295820
1730868337112,2024-SG-WV,93,Elliott,elliott,197254,708659
1730868337112,2024-SG-WV,93,Justice,justice,486182,708659
1730868337112,2024-SG-WY,21,Barrasso,barrasso,46629,58551
1730868337112,2024-SG-WY,21,Morrow,morrow,11601,58551
1730868337112,2024-SP-CA,40,Garvey,garvey,2641901,6791516
1730868337112,2024-SP-CA,40,Schiff,schiff,4149615,6791516
1730870139409,2024-S2G-NE,64,Love,love,254856,615358
1730870139409,2024-S2G-NE,64,Ricketts,ricketts,360502,615358
1730870139409,2024-SG-AZ,52,Gallego,gallego,956120,1830301
1730870139409,2024-SG-AZ,52,Lake,lake,841551,1830301
1730870139409,2024-SG-CA,45,Garvey,garvey,3054546,7602616
1730870139409,2024-SG-CA,45,Schiff,schiff,4548070,7602616
1730870139409,2024-SG-CT,41,Corey,corey,309321,728848
1730870139409,2024-SG-CT,41,Murphy,murphy,407325,728848
1730870139409,2024-SG-DE,96,Blunt Rochester,blunt-rochester,279124,494636
1730870139409,2024-SG-DE,96,Hansen,hansen,196252,494636
1730870139409,2024-SG-FL,96,Mucarsel-Powell,mucarsel-powell,4558406,10692090
1730870139409,2024-SG-FL,96,Scott,scott,5949565,10692090
1730870139409,2024-SG-HI,0,Hirono,hirono,0,0
1730870139409,2024-SG-HI,0,McDermott,mcdermott,0,0
1730870139409,2024-SG-IN,85,Banks,banks,1512343,2576886
1730870139409,2024-SG-IN,85,Horning,horning,77540,2576886
1730870139409,2024-SG-IN,85,McCray,mccray,986275,2576886
1730870139409,2024-SG-MA,46,Deaton,deaton,634994,1620138
1730870139409,2024-SG-MA,46,Warren,warren,982115,1620138
1730870139409,2024-SG-MD,80,Alsobrooks,alsobrooks,1265651,2438904
1730870139409,2024-SG-MD,80,Hogan,hogan,1111993,2438904
1730870139409,2024-SG-ME,25,Cherry,cherry,6028,202152
1730870139409,2024-SG-ME,25,Costello,costello,22221,202152
1730870139409,2024-SG-ME,25,King,king,101616,202152
1730870139409,2024-SG-ME,25,Kouzounas,kouzounas,72287,202152
1730870139409,2024-SG-MI,48,Rogers,rogers,1368065,2713156
1730870139409,2024-SG-MI,48,Slotkin,slotkin,1267605,2713156
1730870139409,2024-SG-MN,56,Klobuchar,klobuchar,1044386,1822800
1730870139409,2024-SG-MN,56,White,white,721282,1822800
1730870139409,2024-SG-MO,89,Hawley,hawley,1439432,2642770
1730870139409,2024-SG-MO,89,Kunce,kunce,1134270,2642770
1730870139409,2024-SG-MS,54,Pinkins,pinkins,246036,674851
1730870139409,2024-SG-MS,54,Wicker,wicker,426373,674851
1730870139409,2024-SG-MT,15,Sheehy,sheehy,51527,88639
1730870139409,2024-SG-MT,15,Tester,tester,35597,88639
1730870139409,2024-SG-ND,96,Christiansen,christiansen,115500,346460
1730870139409,2024-SG-ND,96,Cramer,cramer,230960,346460
1730870139409,2024-SG-NE,63,Fischer,fischer,314268,607607
1730870139409,2024-SG-NE,63,Osborn,osborn,293339,607607
1730870139409,2024-SG-NJ,79,Bashaw,bashaw,1590878,3536652
1730870139409,2024-SG-NJ,79,Kim,kim,1860560,3536652
1730870139409,2024-SG-NM,85,Domenici,domenici,350416,768425
1730870139409,2024-SG-NM,85,Heinrich,heinrich,418009,768425
1730870139409,2024-SG-NV,0,Brown,brown,0,0
1730870139409,2024-SG-NV,0,None of these candidates,none-of-these-candidates,0,0
1730870139409,2024-SG-NV,0,Rosen,rosen,0,0
1730870139409,2024-SG-NY,88,Gillibrand,gillibrand,4271768,7328794
1730870139409,2024-SG-NY,88,Sapraicone,sapraicone,3022309,7328794
1730870139409,2024-SG-OH,91,Brown,brown,2529449,5474291
1730870139409,2024-SG-OH,91,Moreno,moreno,2758865,5474291
1730870139409,2024-SG-PA,85,Casey,casey,2878405,5984870
1730870139409,2024-SG-PA,85,McCormick,mccormick,2953037,5984870
1730870139409,2024-SG-RI,91,Morgan,morgan,191386,473888
1730870139409,2024-SG-RI,91,Whitehouse,whitehouse,282502,473888
1730870139409,2024-SG-TN,94,Blackburn,blackburn,1916508,2998177
1730870139409,2024-SG-TN,94,Johnson,johnson,1020331,2998177
1730870139409,2024-SG-TX,83,Allred,allred,4393366,10017862
1730870139409,2024-SG-TX,83,Cruz,cruz,5405437,10017862
1730870139409,2024-SG-UT,0,Bowen,bowen,0,0
1730870139409,2024-SG-UT,0,Curtis,curtis,0,0
1730870139409,2024-SG-UT,0,Gleich,gleich,0,0
1730870139409,2024-SG-VA,89,Cao,cao,1848748,4017212
1730870139409,2024-SG-VA,89,Kaine,kaine,2168464,4017212
1730870139409,2024-SG-VT,96,Malloy,malloy,112412,353544
1730870139409,2024-SG-VT,96,Sanders,sanders,224354,353544
1730870139409,2024-SG-WA,63,Cantwell,cantwell,1535231,2562817
1730870139409,2024-SG-WA,63,Garcia,garcia,1027586,2562817
1730870139409,2024-SG-WI,76,Baldwin,baldwin,1204931,2508262
1730870139409,2024-SG-WI,76,Hovde,hovde,1249975,2508262
1730870139409,2024-SG-WV,94,Elliott,elliott,198297,716692
1730870139409,2024-SG-WV,94,Justice,justice,493003,716692
1730870139409,2024-SG-WY,38,Barrasso,barrasso,81934,103873
1730870139409,2024-SG-WY,38,Morrow,morrow,21206,103873
1730870139409,2024-SP-CA,45,Garvey,garvey,3044597,7485725
1730870139409,2024-SP-CA,45,Schiff,schiff,4441128,7485725
1730871944413,2024-S2G-NE,72,Love,love,271443,692707
1730871944413,2024-S2G-NE,72,Ricketts,ricketts,421264,692707
1730871944413,2024-SG-AZ,52,Gallego,gallego,957350,1835028
1730871944413,2024-SG-AZ,52,Lake,lake,844931,1835028
1730871944413,2024-SG-CA,46,Garvey,garvey,3076696,7659837
1730871944413,2024-SG-CA,46,Schiff,schiff,4583141,7659837
1730871944413,2024-SG-CT,48,Corey,corey,360836,845050
1730871944413,2024-SG-CT,48,Murphy,murphy,469112,845050
1730871944413,2024-SG-DE,96,Blunt Rochester,blunt-rochester,279124,494636
1730871944413,2024-SG-DE,96,Hansen,hansen,196252,494636
1730871944413,2024-SG-FL,96,Mucarsel-Powell,mucarsel-powell,4558406,10692090
1730871944413,2024-SG-FL,96,Scott,scott,5949565,10692090
1730871944413,2024-SG-HI,0,Hirono,hirono,0,0
1730871944413,2024-SG-HI,0,McDermott,mcdermott,0,0
1730871944413,2024-SG-IN,85,Banks,banks,1512388,2576962
1730871944413,2024-SG-IN,85,Horning,horning,77544,2576962
1730871944413,2024-SG-IN,85,McCray,mccray,986334,2576962
1730871944413,2024-SG-MA,47,Deaton,deaton,642363,1659546
1730871944413,2024-SG-MA,47,Warren,warren,1013042,1659546
1730871944413,2024-SG-MD,80,Alsobrooks,alsobrooks,1270486,2446831
1730871944413,2024-SG-MD,80,Hogan,hogan,1114865,2446831
1730871944413,2024-SG-ME,27,Cherry,cherry,6579,222424
1730871944413,2024-SG-ME,27,Costello,costello,25226,222424
1730871944413,2024-SG-ME,27,King,king,111560,222424
1730871944413,2024-SG-ME,27,Kouzounas,kouzounas,79059,222424
1730871944413,2024-SG-MI,57,Rogers,rogers,1652328,3260780
1730871944413,2024-SG-MI,57,Slotkin,slotkin,1512618,3260780
1730871944413,2024-SG-MN,61,Klobuchar,klobuchar,1125177,2009406
1730871944413,2024-SG-MN,61,White,white,821229,2009406
1730871944413,2024-SG-MO,91,Hawley,hawley,1484112,2717145
1730871944413,2024-SG-MO,91,Kunce,kunce,1162122,2717145
1730871944413,2024-SG-MS,55,Pinkins,pinkins,249382,689223
1730871944413,2024-SG-MS,55,Wicker,wicker,437315,689223
1730871944413,2024-SG-MT,17,Sheehy,sheehy,60178,101756
1730871944413,2024-SG-MT,17,Tester,tester,39839,101756
1730871944413,2024-SG-ND,99,Christiansen,christiansen,119903,355998
1730871944413,2024-SG-ND,99,Cramer,cramer,236095,355998
1730871944413,2024-SG-NE,71,Fischer,fischer,359184,685018
1730871944413,2024-SG-NE,71,Osborn,osborn,325834,685018
1730871944413,2024-SG-NJ,82,Bashaw,bashaw,1651052,3703248
1730871944413,2024-SG-NJ,82,Kim,kim,1962773,3703248
1730871944413,2024-SG-NM,89,Domenici,domenici,366394,801685
1730871944413,2024-SG-NM,89,Heinrich,heinrich,435291,801685
1730871944413,2024-SG-NV,0,Brown,brown,0,0
1730871944413,2024-SG-NV,0,None of these candidates,none-of-these-candidates,0,0
1730871944413,2024-SG-NV,0,Rosen,rosen,0,0
1730871944413,2024-SG-NY,89,Gillibrand,gillibrand,4285725,7359471
1730871944413,2024-SG-NY,89,Sapraicone,sapraicone,3038869,7359471
1730871944413,2024-SG-OH,92,Brown,brown,2555317,5534836
1730871944413,2024-SG-OH,92,Moreno,moreno,2790967,5534836
1730871944413,2024-SG-PA,88,Casey,casey,2984879,6193217
1730871944413,2024-SG-PA,88,McCormick,mccormick,3049195,6193217
1730871944413,2024-SG-RI,91,Morgan,morgan,191386,473888
1730871944413,2024-SG-RI,91,Whitehouse,whitehouse,282502,473888
1730871944413,2024-SG-TN,94,Blackburn,blackburn,1916702,2998580
1730871944413,2024-SG-TN,94,Johnson,johnson,1020531,2998580
1730871944413,2024-SG-TX,85,Allred,allred,4503102,10251478
1730871944413,2024-SG-TX,85,Cruz,cruz,5518828,10251478
1730871944413,2024-SG-UT,51,Bowen,bowen,37705,790228
1730871944413,2024-SG-UT,51,Curtis,curtis,483841,790228
1730871944413,2024-SG-UT,51,Gleich,gleich,268622,790228
1730871944413,2024-SG-VA,90,Cao,cao,1863233,4042973
1730871944413,2024-SG-VA,90,Kaine,kaine,2179740,4042973
1730871944413,2024-SG-VT,96,Malloy,malloy,114064,356637
1730871944413,2024-SG-VT,96,Sanders,sanders,225643,356637
1730871944413,2024-SG-WA,63,Cantwell,cantwell,1535231,2562817
1730871944413,2024-SG-WA,63,Garcia,garcia,1027586,2562817
1730871944413,2024-SG-WI,82,Baldwin,baldwin,1300838,2710314
1730871944413,2024-SG-WI,82,Hovde,hovde,1351070,2710314
1730871944413,2024-SG-WV,94,Elliott,elliott,198361,717307
1730871944413,2024-SG-WV,94,Justice,justice,493516,717307
1730871944413,2024-SG-WY,53,Barrasso,barrasso,106152,144521
1730871944413,2024-SG-WY,53,Morrow,morrow,37359,144521
1730871944413,2024-SP-CA,45,Garvey,garvey,3066273,7541815
1730871944413,2024-SP-CA,45,Schiff,schiff,4475542,7541815
1730873747647,2024-S2G-NE,77,Love,love,285289,734522
1730873747647,2024-S2G-NE,77,Ricketts,ricketts,449233,734522
1730873747647,2024-SG-AZ,52,Gallego,gallego,966076,1855024
1730873747647,2024-SG-AZ,52,Lake,lake,854860,1855024
1730873747647,2024-SG-CA,47,Garvey,garvey,3163114,7839807
1730873747647,2024-SG-CA,47,Schiff,schiff,4676693,7839807
1730873747647,2024-SG-CT,52,Corey,corey,398364,931574
1730873747647,2024-SG-CT,52,Murphy,murphy,516568,931574
1730873747647,2024-SG-DE,96,Blunt Rochester,blunt-rochester,279124,494636
1730873747647,2024-SG-DE,96,Hansen,hansen,196252,494636
1730873747647,2024-SG-FL,96,Mucarsel-Powell,mucarsel-powell,4564880,10702224
1730873747647,2024-SG-FL,96,Scott,scott,5953479,10702224
1730873747647,2024-SG-HI,0,Hirono,hirono,0,0
1730873747647,2024-SG-HI,0,McDermott,mcdermott,0,0
1730873747647,2024-SG-IN,86,Banks,banks,1512669,2577831
1730873747647,2024-SG-IN,86,Horning,horning,77566,2577831
1730873747647,2024-SG-IN,86,McCray,mccray,986900,2577831
1730873747647,2024-SG-MA,49,Deaton,deaton,661865,1734066
1730873747647,2024-SG-MA,49,Warren,warren,1067784,1734066
1730873747647,2024-SG-MD,81,Alsobrooks,alsobrooks,1270486,2447806
1730873747647,2024-SG-MD,81,Hogan,hogan,1114865,2447806
1730873747647,2024-SG-ME,32,Cherry,cherry,7496,263100
1730873747647,2024-SG-ME,32,Costello,costello,30271,263100
1730873747647,2024-SG-ME,32,King,king,134056,263100
1730873747647,2024-SG-ME,32,Kouzounas,kouzounas,91277,263100
1730873747647,2024-SG-MI,64,Rogers,rogers,1844093,3626846
1730873747647,2024-SG-MI,64,Slotkin,slotkin,1677642,3626846
1730873747647,2024-SG-MN,73,Klobuchar,klobuchar,1338970,2390426
1730873747647,2024-SG-MN,73,White,white,976042,2390426
1730873747647,2024-SG-MO,91,Hawley,hawley,1484112,2717145
1730873747647,2024-SG-MO,91,Kunce,kunce,1162122,2717145
1730873747647,2024-SG-MS,56,Pinkins,pinkins,252177,695459
1730873747647,2024-SG-MS,56,Wicker,wicker,440721,695459
1730873747647,2024-SG-MT,29,Sheehy,sheehy,86977,174050
1730873747647,2024-SG-MT,29,Tester,tester,84281,174050
1730873747647,2024-SG-ND,99,Christiansen,christiansen,119903,355998
1730873747647,2024-SG-ND,99,Cramer,cramer,236095,355998
1730873747647,2024-SG-NE,76,Fischer,fischer,382527,726733
1730873747647,2024-SG-NE,76,Osborn,osborn,344206,726733
1730873747647,2024-SG-NJ,83,Bashaw,bashaw,1660370,3722550
1730873747647,2024-SG-NJ,83,Kim,kim,1972272,3722550
1730873747647,2024-SG-NM,95,Domenici,domenici,390271,858858
1730873747647,2024-SG-NM,95,Heinrich,heinrich,468587,858858
1730873747647,2024-SG-NV,70,Brown,brown,481640,1010713
1730873747647,2024-SG-NV,70,None of these candidates,none-of-these-candidates,22204,1010713
1730873747647,2024-SG-NV,70,Rosen,rosen,483951,1010713
1730873747647,2024-SG-NY,89,Gillibrand,gillibrand,4289779,7368712
1730873747647,2024-SG-NY,89,Sapraicone,sapraicone,3044011,7368712
1730873747647,2024-SG-OH,93,Brown,brown,2571902,5559035
1730873747647,2024-SG-OH,93,Moreno,moreno,2797952,5559035
1730873747647,2024-SG-PA,92,Casey,casey,3077586,6437261
1730873747647,2024-SG-PA,92,McCormick,mccormick,3193120,6437261
1730873747647,2024-SG-RI,91,Morgan,morgan,191386,473888
1730873747647,2024-SG-RI,91,Whitehouse,whitehouse,282502,473888
1730873747647,2024-SG-TN,94,Blackburn,blackburn,1916706,2998589
1730873747647,2024-SG-TN,94,Johnson,johnson,1020536,2998589
1730873747647,2024-SG-TX,87,Allred,allred,4617068,10499612
1730873747647,2024-SG-TX,87,Cruz,cruz,5644447,10499612
1730873747647,2024-SG-UT,52,Bowen,bowen,39032,802930
1730873747647,2024-SG-UT,52,Curtis,curtis,491733,802930
1730873747647,2024-SG-UT,52,Gleich,gleich,271313,802930
1730873747647,2024-SG-VA,91,Cao,cao,1869177,4068266
1730873747647,2024-SG-VA,91,Kaine,kaine,2199089,4068266
1730873747647,2024-SG-VT,97,Malloy,malloy,114829,358544
1730873747647,2024-SG-VT,97,Sanders,sanders,226693,358544
1730873747647,2024-SG-WA,63,Cantwell,cantwell,1535231,2562817
1730873747647,2024-SG-WA,63,Garcia,garcia,1027586,2562817
1730873747647,2024-SG-WI,87,Baldwin,baldwin,1366918,2862813
1730873747647,2024-SG-WI,87,Hovde,hovde,1434054,2862813
1730873747647,2024-SG-WV,94,Elliott,elliott,198542,717907
1730873747647,2024-SG-WV,94,Justice,justice,493913,717907
1730873747647,2024-SG-WY,72,Barrasso,barrasso,147410,196686
1730873747647,2024-SG-WY,72,Morrow,morrow,47887,196686
1730873747647,2024-SP-CA,46,Garvey,garvey,3150341,7713893
1730873747647,2024-SP-CA,46,Schiff,schiff,4563552,7713893