date,region,special,runoff,offyear,disabled,candidate,party,voteshare,class
10/9/2026,Alabama,FALSE,FALSE,FALSE,FALSE,Republican,REP,0.17732857142857142,2
10/9/2026,Alaska,FALSE,FALSE,FALSE,FALSE,Democratic,DEM,0.018685714285714278,2
10/9/2026,Arkansas,FALSE,FALSE,FALSE,FALSE,Republican,REP,0.16955714285714282,2
10/9/2026,Colorado,FALSE,FALSE,FALSE,FALSE,Democratic,DEM,0.17875714285714286,2
10/9/2026,Delaware,FALSE,FALSE,FALSE,FALSE,Democratic,DEM,0.18897142857142857,2
10/9/2026,Florida,TRUE,FALSE,FALSE,FALSE,Republican,REP,0.05462857142857142,3
10/9/2026,Georgia,FALSE,FALSE,FALSE,FALSE,Democratic,DEM,0.07177142857142857,2
10/9/2026,Idaho,FALSE,FALSE,FALSE,FALSE,Republican,REP,0.15295714285714285,2
10/9/2026,Illinois,FALSE,FALSE,FALSE,FALSE,Democratic,DEM,0.1762285714285714,2
10/9/2026,Iowa,FALSE,FALSE,FALSE,FALSE,Republican,REP,0.003214285714285705,2
10/9/2026,Kansas,FALSE,FALSE,FALSE,FALSE,Republican,REP,0.018942857142857154,2
10/9/2026,Kentucky,FALSE,FALSE,FALSE,FALSE,Republican,REP,0.16588571428571428,2
10/9/2026,Louisiana,FALSE,FALSE,FALSE,FALSE,Republican,REP,0.1335,2
10/9/2026,Maine,FALSE,FALSE,FALSE,FALSE,Democratic,DEM,0.01454285714285714,2
10/9/2026,Massachusetts,FALSE,FALSE,FALSE,FALSE,Democratic,DEM,0.2318285714285714,2
10/9/2026,Michigan,FALSE,FALSE,FALSE,FALSE,Democratic,DEM,0.02738571428571429,2
10/9/2026,Minnesota,FALSE,FALSE,FALSE,FALSE,Democratic,DEM,0.07807142857142857,2
10/9/2026,Mississippi,FALSE,FALSE,FALSE,FALSE,Republican,REP,0.07239714285714285,2
10/9/2026,Montana,FALSE,FALSE,FALSE,FALSE,Republican,REP,0.13567142857142855,2
10/9/2026,Nebraska,FALSE,FALSE,FALSE,FALSE,Republican,REP,0.021514285714285715,2
10/9/2026,New Hampshire,FALSE,FALSE,FALSE,FALSE,Democratic,DEM,0.06692857142857142,2
10/9/2026,New Jersey,FALSE,FALSE,FALSE,FALSE,Democratic,DEM,0.1775,2
10/9/2026,New Mexico,FALSE,FALSE,FALSE,FALSE,Democratic,DEM,0.18291428571428572,2
10/9/2026,North Carolina,FALSE,FALSE,FALSE,FALSE,Democratic,DEM,0.07517142857142857,2
10/9/2026,Ohio,TRUE,FALSE,FALSE,FALSE,Democratic,DEM,0.018914285714285706,3
10/9/2026,Oklahoma,FALSE,FALSE,FALSE,FALSE,Republican,REP,0.1804714285714286,2
10/9/2026,Oregon,FALSE,FALSE,FALSE,FALSE,Democratic,DEM,0.19008571428571427,2
10/9/2026,Rhode Island,FALSE,FALSE,FALSE,FALSE,Democratic,DEM,0.1934142857142857,2
10/9/2026,South Carolina,FALSE,FALSE,FALSE,FALSE,Republican,REP,0.046342857142857144,2
10/9/2026,South Dakota,FALSE,FALSE,FALSE,FALSE,Republican,REP,0.12821428571428573,2
10/9/2026,Tennessee,FALSE,FALSE,FALSE,FALSE,Republican,REP,0.1753142857142857,2
10/9/2026,Texas,FALSE,FALSE,FALSE,FALSE,Democratic,DEM,0.009371428571428564,2
10/9/2026,Virginia,FALSE,FALSE,FALSE,FALSE,Democratic,DEM,0.16959999999999997,2
10/9/2026,West Virginia,FALSE,FALSE,FALSE,FALSE,Republican,REP,0.2307,2
10/9/2026,Wyoming,FALSE,FALSE,FALSE,FALSE,Republican,REP,0.21555714285714284,2