date,region,special,runoff,offyear,disabled,candidate,party,voteshare

10/10/2026,Alabama,FALSE,FALSE,FALSE,FALSE,Republican,REP,0.10575000000000001
10/10/2026,Alaska,FALSE,FALSE,FALSE,FALSE,Democratic,DEM,0.024750000000000005
10/10/2026,Arizona,FALSE,FALSE,FALSE,FALSE,Democratic,DEM,0.0535
10/10/2026,Arkansas,FALSE,FALSE,FALSE,FALSE,Republican,REP,0.15374999999999997
10/10/2026,California,FALSE,FALSE,FALSE,FALSE,Democratic,DEM,0.16899999999999998
10/10/2026,Colorado,FALSE,FALSE,FALSE,FALSE,Democratic,DEM,0.160375
10/10/2026,Connecticut,FALSE,FALSE,FALSE,FALSE,Democratic,DEM,0.11412500000000002
10/10/2026,Florida,FALSE,FALSE,FALSE,FALSE,Republican,REP,0.026875000000000003
10/10/2026,Georgia,FALSE,FALSE,FALSE,FALSE,Democratic,DEM,0.005875000000000001
10/10/2026,Hawaii,FALSE,FALSE,FALSE,FALSE,Democratic,DEM,0.17637499999999998
10/10/2026,Idaho,FALSE,FALSE,FALSE,FALSE,Republican,REP,0.16324999999999998
10/10/2026,Illinois,FALSE,FALSE,FALSE,FALSE,Democratic,DEM,0.15524999999999997
10/10/2026,Iowa,FALSE,FALSE,FALSE,FALSE,Democratic,DEM,0.0425
10/10/2026,Kansas,FALSE,FALSE,FALSE,FALSE,Republican,REP,0.021875
10/10/2026,Maine,FALSE,FALSE,FALSE,FALSE,Democratic,DEM,0.07162500000000001
10/10/2026,Maryland,FALSE,FALSE,FALSE,FALSE,Democratic,DEM,0.19499999999999998
10/10/2026,Massachusetts,FALSE,FALSE,FALSE,FALSE,Democratic,DEM,0.1825
10/10/2026,Michigan,FALSE,FALSE,FALSE,FALSE,Democratic,DEM,0.04625
10/10/2026,Minnesota,FALSE,FALSE,FALSE,FALSE,Democratic,DEM,0.137
10/10/2026,Nebraska,FALSE,FALSE,FALSE,FALSE,Republican,REP,0.07562500000000001
10/10/2026,Nevada,FALSE,FALSE,FALSE,FALSE,Republican,REP,0.0045000000000000005
10/10/2026,New Hampshire,FALSE,FALSE,FALSE,FALSE,Republican,REP,0.053125
10/10/2026,New Mexico,FALSE,FALSE,FALSE,FALSE,Democratic,DEM,0.07475000000000001
10/10/2026,New York,FALSE,FALSE,FALSE,FALSE,Democratic,DEM,0.11125000000000002
10/10/2026,Ohio,FALSE,FALSE,FALSE,FALSE,Democratic,DEM,0.0048375
10/10/2026,Oklahoma,FALSE,FALSE,FALSE,FALSE,Republican,REP,0.137625
10/10/2026,Oregon,FALSE,FALSE,FALSE,FALSE,Democratic,DEM,0.04125
10/10/2026,Pennsylvania,FALSE,FALSE,FALSE,FALSE,Democratic,DEM,0.161875
10/10/2026,Rhode Island,FALSE,FALSE,FALSE,FALSE,Democratic,DEM,0.16249999999999998
10/10/2026,South Carolina,FALSE,FALSE,FALSE,FALSE,Republican,REP,0.05575
10/10/2026,South Dakota,FALSE,FALSE,FALSE,FALSE,Republican,REP,0.15524999999999997
10/10/2026,Tennessee,FALSE,FALSE,FALSE,FALSE,Republican,REP,0.15
10/10/2026,Texas,FALSE,FALSE,FALSE,FALSE,Republican,REP,0.016375
10/10/2026,Vermont,FALSE,FALSE,FALSE,FALSE,Republican,REP,0.10237500000000001
10/10/2026,Wisconsin,FALSE,FALSE,FALSE,FALSE,Democratic,DEM,0.037375000000000005
10/10/2026,Wyoming,FALSE,FALSE,FALSE,FALSE,Republican,REP,0.16887499999999997